feature,bin,good_count,bad_count,good_rate,bad_rate,woe,iv
loan_amnt,"(-inf, 5000.0]",97041.0001,5639.0001,0.11539970886918045,0.12135493960542021,-0.050317805513022,0.0002996541419712828
loan_amnt,"(5000.0, 7175.0]",71065.0001,3835.0001,0.08450943739117833,0.08253168953167432,0.023680878106918317,4.683480598713311e-05
loan_amnt,"(7175.0, 9600.0]",86310.0001,5076.0001,0.10263856384183057,0.10923881444382436,-0.06232271575889303,0.0004113455422055216
loan_amnt,"(9600.0, 11000.0]",86423.0001,4813.0001,0.1027729417551742,0.10357888386211972,-0.007811379449521359,6.2955196116982256e-06
loan_amnt,"(11000.0, 13000.0]",83480.0001,4390.0001,0.09927317008287052,0.09447564950447308,0.049533219944387925,0.0002376366419974876
loan_amnt,"(13000.0, 15000.0]",83252.0001,4215.0001,0.09900203588603558,0.09070953599953654,0.08747792502218545,0.000725410683317644
loan_amnt,"(15000.0, 18450.0]",80730.0001,5009.0001,0.09600291112981749,0.10779693098764864,-0.11587067329030404,0.001366581021726112
loan_amnt,"(18450.0, 21600.0]",84739.0001,4545.0001,0.1007703540908319,0.09781135003741688,0.029803582278399705,8.818892076807289e-05
loan_amnt,"(21600.0, 28000.0]",97748.0001,5079.0001,0.11624046271638355,0.10930337638962326,0.06153371421673797,0.00042686468752770854
loan_amnt,"(28000.0, inf]",70124.0001,3866.0001,0.08339041423669727,0.08319882963826308,0.00230008466862447,4.406607976030463e-07
int_rate,"(-inf, 7.69]",91642.0001,1128.0001,0.10897929865553195,0.024275293772455856,1.501698827644392,0.12719990482970023
int_rate,"(7.69, 9.17]",102382.0001,1728.0001,0.12175114634854639,0.0371876829322383,1.1860015750321935,0.10029240080191867
int_rate,"(9.17, 10.99]",94513.0001,2822.0001,0.11239344900251934,0.06073127250024163,0.6155468897711017,0.03180049206478274
int_rate,"(10.99, 11.99]",59484.0001,2246.0001,0.07073748505106658,0.04833537890685048,0.38081185607133256,0.008530987620685937
int_rate,"(11.99, 12.99]",90913.0001,3626.0001,0.10811238273670444,0.0780338739743501,0.32602825285160686,0.009806443660172132
int_rate,"(12.99, 13.99]",86499.0001,4033.0001,0.10286331982078585,0.08679277795440253,0.16987770005040015,0.0027300266908248634
int_rate,"(13.99, 15.37]",74118.0001,6050.0001,0.08814001942160413,0.1301999261798712,-0.390144483036125,0.016409440578751724
int_rate,"(15.37, 16.99]",87314.0001,6393.0001,0.10383250565596339,0.13758150864954682,-0.2814374533374528,0.009498233455192193
int_rate,"(16.99, 18.99]",78675.0001,7311.0001,0.09355913580308148,0.15733746406401397,-0.5197992463640569,0.03315192696439215
int_rate,"(18.99, inf]",75372.0001,11130.0001,0.08963125750419632,0.2395248210660292,-0.9829529332815636,0.14733831798313016
installment,"(-inf, 166.05]",84612.0001,4734.0001,0.10061932758645455,0.10187875262274836,-0.01243904410518895,1.566604357363789e-05
installment,"(166.05, 232.64]",83801.0001,4498.0001,0.09965489849157236,0.09679987955323392,0.02906745241875742,8.29881271448038e-05
installment,"(232.64, 284.67]",84506.0001,4073.0001,0.10049327396862777,0.08765360389838803,0.13669807212825166,0.0017551581453645864
installment,"(284.67, 332.15]",84411.0001,4320.0001,0.1003803013866132,0.09296920410249847,0.07669768704715273,0.0005684140201730356
installment,"(332.15, 382.55]",84623.0001,4932.0001,0.10063240862226676,0.10613984104547657,-0.05328312071734872,0.00029345318664852855
installment,"(382.55, 456.54]",83537.0001,5049.0001,0.09934095363207926,0.10865775693163414,-0.08964518859863777,0.0008352065889250077
installment,"(456.54, 523.75]",83775.0001,4520.0001,0.09962397967965257,0.09727333382242595,0.023878005252633203,5.612873412593774e-05
installment,"(523.75, 628.39]",83731.0001,5066.0001,0.09957165553640374,0.10902360795782798,-0.09068690442537801,0.0008571683058749205
installment,"(628.39, 782.15]",84484.0001,4497.0001,0.10046711189700334,0.09677835890463429,0.03740702488355378,0.0001379852749748326
installment,"(782.15, inf]",83432.0001,4778.0001,0.09921608919932633,0.1028256611611324,-0.03573475341176496,0.00012898716397716066
annual_inc,"(-inf, 34000.0]",82391.0001,6554.0001,0.09797814753746152,0.14104633307408845,-0.3643439702679806,0.015691633710652676
annual_inc,"(34000.0, 42000.0]",88331.0001,6477.0001,0.1050419068760561,0.13938924313191636,-0.28291094622941393,0.009717237400605283
annual_inc,"(42000.0, 50000.0]",100850.0001,6532.0001,0.11992931481542739,0.1405728788048964,-0.1588235386220538,0.0032786838825782727
annual_inc,"(50000.0, 56000.0]",64461.0001,3831.0001,0.07665605916355567,0.08244560693727578,-0.07281011410271138,0.00042153763400765967
annual_inc,"(56000.0, 65000.0]",103579.0001,6056.0001,0.12317460088192984,0.130329050071469,-0.05645953870292073,0.0004039369009148658
annual_inc,"(65000.0, 72000.0]",60486.0001,3151.0001,0.07192904849505173,0.06781156588952233,0.0589474268456598,0.0002427150046777208
annual_inc,"(72000.0, 83500.0]",84530.0001,4090.0001,0.10052181441039987,0.08801945492458187,0.13281689402287958,0.0016605245548638326
annual_inc,"(83500.0, 98500.0]",85009.0001,3767.0001,0.10109143406076801,0.08106828542689898,0.220733565561855,0.004419780991728897
annual_inc,"(98500.0, 124800.0]",85382.0001,3223.0001,0.10153500009330939,0.06936105258869624,0.3810780594596173,0.012260785480213577
annual_inc,"(124800.0, inf]",85893.0001,2786.0001,0.10214267366604034,0.059956529150654685,0.5327508118814281,0.022474702740718965
dti,"(-inf, 7.45]",84610.0001,4207.0001,0.10061694921630687,0.09053737081073944,0.10555802214363129,0.0010639803605333549
dti,"(7.45, 10.62]",84841.0001,4035.0001,0.10089165096836332,0.0868358192516018,0.150027977597227,0.002108768005912689
dti,"(10.62, 13.12]",84567.0001,4287.0001,0.10056581425813185,0.09225902269871043,0.08621229623667827,0.0007161475746971781
dti,"(13.12, 15.4]",84207.0001,4459.0001,0.10013770763155036,0.09596057425784807,0.04260889270392629,0.00017798302773007054
dti,"(15.4, 17.65]",83802.0001,4678.0001,0.09965608767664619,0.10067359630116866,-0.010158428390046523,1.0336288498466306e-05
dti,"(17.65, 19.97]",83914.0001,4929.0001,0.09978927640491599,0.10607527909967765,-0.061088295547471666,0.00038400119042980384
dti,"(19.97, 22.53]",83578.0001,5234.0001,0.09938971022010659,0.11263907692256706,-0.1251401080498897,0.0016580271807385132
dti,"(22.53, 25.53]",83353.0001,5354.0001,0.09912214357849317,0.11522155475452354,-0.15050397482193145,0.002423025374285198
dti,"(25.53, 29.57]",83439.0001,5165.0001,0.09922441349484319,0.11115415216919208,-0.11353390836952178,0.0013544298575258672
dti,"(29.57, inf]",84601.0001,4119.0001,0.10060624655064233,0.08864355373397136,0.12659103472724484,0.001514369661786558
delinq_2yrs,"(-inf, 1.0]",786404.0001,43810.0001,0.9351798998146822,0.9428196335342517,-0.008136078552770936,6.215747366467032e-05
delinq_2yrs,"(1.0, inf]",54508.0001,2657.0001,0.06482010018531782,0.05718036646574832,0.12540514744650783,0.0009580619335546714
inq_last_6mths,"(-inf, 1.0]",705298.0001,34130.0001,0.8387298550245224,0.7344997499225273,0.13269901500213926,0.013831232280604192
inq_last_6mths,"(1.0, 2.0]",86817.0001,7300.0001,0.10324148076020746,0.15710073929605484,-0.4198165335052698,0.022611007215683557
inq_last_6mths,"(2.0, inf]",48797.0001,5037.0001,0.05802866421527034,0.10839951078141795,-0.6248864768361244,0.03147606084597298
mths_since_last_delinq,"(-inf, 13.0]",88719.0001,4436.0001,0.10550331074743652,0.09546560036729722,0.09997635689698887,0.0010035337153934166
mths_since_last_delinq,"(13.0, 25.0]",83985.0001,4269.0001,0.09987370860454262,0.09187165201248572,0.0835139576970282,0.0006682834157182654
mths_since_last_delinq,"(25.0, 39.0]",84384.0001,4091.0001,0.10034819344928589,0.08804097652053096,0.13084372420265983,0.0016103220975283161
mths_since_last_delinq,"(39.0, 58.0]",83034.0001,4320.0001,0.09874279359865075,0.09296920510287726,0.06025011450989463,0.0003478593680033629
mths_since_last_delinq,"(58.0, inf]",500790.0001,29351.0001,0.5955319936000841,0.6316525659968089,-0.05888439267799962,0.0021269379687628527
mths_since_last_record,"(-inf, 81.0]",86515.0001,2731.0001,0.1028823468798442,0.058772894489539276,0.5599053014947377,0.024697116239361456
mths_since_last_record,"(81.0, inf]",754397.0001,43736.0001,0.8971176531201559,0.9412271055104607,-0.04799743896700014,0.002117140748971455
open_acc,"(-inf, 6.0]",124256.0001,7465.0001,0.1477633806536672,0.16065164394835815,-0.08362610362933512,0.0010777952418839815
open_acc,"(6.0, 7.0]",64151.0001,3745.0001,0.07628741179066606,0.08059483115770698,-0.05492657630432836,0.00023659179853851477
open_acc,"(7.0, 8.0]",72406.0001,4172.0001,0.08610413457519438,0.08978414810975215,-0.041851004437048984,0.0001540122627631775
open_acc,"(8.0, 9.0]",75843.0001,4442.0001,0.09019136367397376,0.09559472323165424,-0.058183946136049325,0.0003143887814577884
open_acc,"(9.0, 11.0]",142327.0001,8288.0001,0.16925314412298414,0.1783631377458597,-0.05242608339314035,0.0004776012853838513
open_acc,"(11.0, 12.0]",61144.0001,3546.0001,0.07271153227363678,0.07631222208637913,-0.04833310987312017,0.0001740325363383005
open_acc,"(12.0, 13.0]",53811.0001,2831.0001,0.06399123812718661,0.06092495833763838,0.049103254043992454,0.0001505643154761468
open_acc,"(13.0, 15.0]",83156.0001,4436.0001,0.09888787411894719,0.09546559934005643,0.03522065736009395,0.00012053476737940276
open_acc,"(15.0, 18.0]",78996.0001,3903.0001,0.09394086421178331,0.08399509363644968,0.11190709212345132,0.0011130022640125725
open_acc,"(18.0, inf]",84822.0001,3639.0001,0.10086905645196041,0.07831364240614541,0.2531013845854095,0.00570880652489297
pub_rec,"(-inf, 1.0]",819116.0001,45751.0001,0.9740805219870616,0.9845912131853092,-0.010732571366105758,0.00011280674339229144
pub_rec,"(1.0, inf]",21796.0001,716.0001,0.025919478012938462,0.015408786814690914,0.5200568138039947,0.005466156575438311
revol_bal,"(-inf, 3418.8]",83704.0001,5034.0001,0.09953954753941012,0.10833494720263959,-0.08467276290099121,0.0007447307903040866
revol_bal,"(3418.8, 5472.0]",84063.0001,4701.0001,0.09996646498091777,0.10116857121896032,-0.011953367987000326,1.436921822279124e-05
revol_bal,"(5472.0, 7434.0]",83878.0001,4836.0001,0.09974646574225783,0.10407385877991138,-0.04246920367158474,0.00018378093628310623
revol_bal,"(7434.0, 9528.0]",83938.0001,4819.0001,0.09981781684668808,0.10370800775371754,-0.038232639735594515,0.00014873226745114275
revol_bal,"(9528.0, 11875.0]",83816.0001,4934.0001,0.09967273626767992,0.10618288234267584,-0.06327073072732368,0.00041190169930661007
revol_bal,"(11875.0, 14714.0]",83875.0001,4834.0001,0.09974289818703633,0.1040308174827121,-0.04209132008037758,0.00018048418355311633
revol_bal,"(14714.0, 18415.0]",83857.0001,4888.0001,0.09972149285570725,0.10519293250709252,-0.053414887537614496,0.00029225633364758906
revol_bal,"(18415.0, 23862.0]",84048.0001,4688.0001,0.09994862720481021,0.10088880278716504,-0.009362621800748176,8.802508403886466e-06
revol_bal,"(23862.0, 33478.0]",84367.0001,4367.0001,0.10032797724336436,0.09398067458668143,0.06535542006914805,0.00041483063143353224
revol_bal,"(33478.0, inf]",85366.0001,3366.0001,0.101515973132128,0.07243850533844438,0.3374781571550207,0.009813010245746812
revol_util,"(-inf, 22.3]",85582.0001,3475.0001,0.10177283710807689,0.07478425603580487,0.30813586044020247,0.008316149650764701
revol_util,"(22.3, 33.3]",85010.0001,3497.0001,0.10109262324584185,0.07525771030499688,0.29511879753204107,0.007624368441447135
revol_util,"(33.3, 41.7]",85440.0001,3856.0001,0.10160397282759197,0.08298362315226672,0.20243936010400693,0.0037694916731856962
revol_util,"(41.7, 49.1]",84775.0001,4207.0001,0.10081316475349004,0.09053737081073944,0.10750624721662358,0.0011047120439564297
revol_util,"(49.1, 56.0]",84845.0001,4456.0001,0.10089640770865867,0.09589601231204915,0.0508299249403939,0.0002541697226819528
revol_util,"(56.0, 62.8]",83603.0001,4670.0001,0.09941943984695253,0.10050143111237156,-0.010824300880070657,1.1711799006503911e-05
revol_util,"(62.8, 69.8]",82812.0001,5040.0001,0.0984787944535471,0.1084640710942374,-0.09657773588690824,0.0009643554101623028
revol_util,"(69.8, 77.5]",83517.0001,5338.0001,0.09931716993060251,0.11487722437692935,-0.14554547816598368,0.0022646955646793802
revol_util,"(77.5, 86.7]",83008.0001,5804.0001,0.09871187472801923,0.12490584662436038,-0.2353549759491373,0.00616488162567575
revol_util,"(86.7, inf]",82320.0001,6124.0001,0.09789371539721906,0.13179245417624436,-0.2973460149804489,0.01007965488880638
total_acc,"(-inf, 12.0]",103693.0001,6705.0001,0.12331016798034732,0.14429595101263368,-0.15716353373358938,0.003298199819520525
total_acc,"(12.0, 15.0]",74468.0001,4485.0001,0.08855623419744724,0.09652011112143864,-0.086113627151175,0.0006857983281104424
total_acc,"(15.0, 18.0]",86023.0001,4979.0001,0.10229726772563921,0.10715131152965952,-0.04635899782052741,0.00022502860613132216
total_acc,"(18.0, 21.0]",90444.0001,5257.0001,0.10755465493707467,0.11313405184035873,-0.05057427870095811,0.0002821739739699506
total_acc,"(21.0, 24.0]",89692.0001,4950.0001,0.10666038776154889,0.10652721272027003,0.001249369647211123,1.663848543398893e-07
total_acc,"(24.0, 27.0]",82033.0001,4330.0001,0.0975524192810277,0.09318441058849485,0.04580942784533271,0.00020009597902837
total_acc,"(27.0, 30.0]",71256.0001,3710.0001,0.08473657174028129,0.07984160845671966,0.05950251036305673,0.0002912626035069084
total_acc,"(30.0, 34.0]",76026.0001,3917.0001,0.09040898454248603,0.0842963827168446,0.0700046945503486,0.0004279108237119312
total_acc,"(34.0, 41.0]",86465.0001,4263.0001,0.10282288752827537,0.09174252713231913,0.1140219340973101,0.0012634041228421669
total_acc,"(41.0, inf]",80812.0001,3871.0001,0.09610042430587215,0.08330643288126127,0.14286795956372636,0.0018278514495099689
total_pymnt,"(-inf, 690.15]",86626.0001,2124.0001,0.10301434632516321,0.04570985977769472,0.812554238552316,0.0465630034322097
total_pymnt,"(690.15, 1476.698]",84848.0001,3878.0001,0.10089997526388018,0.08345707742145873,0.1897972253700239,0.0033106136129043675
total_pymnt,"(1476.698, 2391.664]",83732.0001,5006.0001,0.09957284472147757,0.10773236904184973,-0.07876060315543182,0.0006426490569339262
total_pymnt,"(2391.664, 3495.28]",82778.0001,5960.0001,0.09843836216103662,0.12826306780590382,-0.26465278464061726,0.007893191400000842
total_pymnt,"(3495.28, 4894.999]",82290.0001,6448.0001,0.09785803984500394,0.13876514432252687,-0.3492650394765568,0.014287421460213681
total_pymnt,"(4894.999, 6633.718]",82434.0001,6303.0001,0.09802928249563653,0.13564465027557945,-0.324772365609857,0.01221643197717686
total_pymnt,"(6633.718, 9031.32]",82720.0001,6025.0001,0.09836938942675405,0.12966190996488025,-0.2762006976015934,0.008643016002342645
total_pymnt,"(9031.32, 12377.06]",83797.0001,4936.0001,0.099650141751277,0.10622592363987511,-0.06390271194088053,0.0004202102958131446
total_pymnt,"(12377.06, 18254.58]",84825.0001,3911.0001,0.10087262400718192,0.08416725882524677,0.18105257691052565,0.0030245494144207304
total_pymnt,"(18254.58, inf]",86862.0001,1876.0001,0.10329499400258885,0.040372738924984636,0.9394341360658965,0.059111314338147085
collections_12_mths_ex_med,"(-inf, inf]",840912.0001,46467.0001,1.0,1.0,0.0,0.0
mths_since_last_major_derog,"(-inf, 37.0]",86029.0001,3884.0001,0.10230440292124347,0.08358620257223706,0.2020742458718172,0.0037824662196030557
mths_since_last_major_derog,"(37.0, 65.0]",85316.0001,3550.0001,0.10145651396289154,0.07639830583167642,0.28366975186614574,0.007108255682792029
mths_since_last_major_derog,"(65.0, inf]",669567.0001,39033.0001,0.796239083115865,0.8400154915960865,-0.05352083762374916,0.0023429500500208485
acc_now_delinq,0.0,836964.0001,46301.0001,0.9953050964949435,0.99642755725263,-0.0011271200222636663,1.2651479941937181e-06
acc_now_delinq,1.0,3712.0001,154.0001,0.004414255114053071,0.0033141820506736907,0.28662825141900483,0.00031531201858958
acc_now_delinq,2.0,199.0001,9.0001,0.00023664794866844766,0.00019368799029525487,0.20032502118865309,8.605954571373499e-06
acc_now_delinq,3.0,26.0001,2.0001,3.0918930845635284e-05,4.304344944939938e-05,-0.3308414128047287,4.011292864446529e-06
acc_now_delinq,4.0,7.0001,0.0001,8.32441443734953e-06,2.1520648692265076e-09,8.260520188981069,6.874621634587104e-05
acc_now_delinq,5.0,2.0001,1.0001,2.378489066748018e-06,2.15228007571343e-05,-2.2026474333530195,4.2168169008139555e-05
acc_now_delinq,6.0,1.0001,0.0001,1.1893039926277148e-06,2.1520648692265076e-09,6.3146957493138425,7.49650323200626e-06
acc_now_delinq,14.0,1.0001,0.0001,1.1893039926277148e-06,2.1520648692265076e-09,6.3146957493138425,7.49650323200626e-06
tot_coll_amt,"(-inf, 125.0]",755572.0001,43374.0001,0.8985149455832442,0.9334366305832672,-0.0381297369839321,0.0013315546640866045
tot_coll_amt,"(125.0, inf]",85340.0001,3093.0001,0.10148505441675586,0.06656336941673288,0.4217571230360835,0.014728469397182042
tot_cur_bal,"(-inf, 15444.0]",84152.0001,4587.0001,0.1000723024524893,0.09871521727860168,0.013653837613141711,1.852942059146375e-05
tot_cur_bal,"(15444.0, 26389.0]",83931.0001,4807.0001,0.09980949255117122,0.1034497599705219,-0.03582278940517463,0.000130404533141918
tot_cur_bal,"(26389.0, 39018.0]",84214.0001,4525.0001,0.10014603192706723,0.09738093706542415,0.027998966550407397,7.741979853984774e-05
tot_cur_bal,"(39018.0, 59066.0]",84511.0001,4228.0001,0.10049921989399696,0.09098930443133184,0.09940799933262488,0.0009453616699659336
tot_cur_bal,"(59066.0, 80559.0]",111438.0001,12437.0001,0.1325204063772185,0.26765230878575536,-0.7029521389778896,0.0949912598422324
tot_cur_bal,"(80559.0, 111706.8]",51243.0001,2354.0001,0.06093741085757199,0.050659608955611335,0.18471836036017042,0.0018984987154368133
tot_cur_bal,"(111706.8, 167409.0]",84673.0001,4068.0001,0.10069186787595863,0.08754600065538985,0.13990066351863256,0.0018391155466854138
tot_cur_bal,"(167409.0, 228646.8]",84967.0001,3768.0001,0.10104148828766685,0.08108980607549864,0.2199739501405176,0.004388850348158942
tot_cur_bal,"(228646.8, 322884.0]",85564.0001,3175.0001,0.10175143177674781,0.06832806145591365,0.3982123576711759,0.013309599096776177
tot_cur_bal,"(322884.0, inf]",86219.0001,2518.0001,0.10253034800011135,0.054188995325951866,0.6376809832419031,0.030826361304501622
total_rev_hi_lim,"(-inf, 8700.0]",83943.0001,4811.0001,0.09982376277205728,0.10353584256492046,-0.036511598827166605,0.00013553396821145233
total_rev_hi_lim,"(8700.0, 12800.0]",85343.0001,4855.0001,0.10148862187542973,0.1044827511033045,-0.029075304119632696,8.705521787394004e-05
total_rev_hi_lim,"(12800.0, 16600.0]",83258.0001,4474.0001,0.0990091709964786,0.09628338398684265,0.02791672252511887,7.60950396105804e-05
total_rev_hi_lim,"(16600.0, 20800.0]",84392.0001,4406.0001,0.1003577068702103,0.0948199798820673,0.056760726891598653,0.0003143254091742195
total_rev_hi_lim,"(20800.0, 23700.0]",111518.0001,12500.0001,0.13261554118312552,0.2690081096475325,-0.707287252159392,0.09646872496415218
total_rev_hi_lim,"(23700.0, 26900.0]",50533.0001,2492.0001,0.06009308945514739,0.05362945846236129,0.11379633554124408,0.000735537521269871
total_rev_hi_lim,"(26900.0, 33600.0]",85447.0001,4022.0001,0.10161229712310883,0.08655605081980654,0.16037237205507485,0.002414605933906041
total_rev_hi_lim,"(33600.0, 43100.0]",84824.0001,3593.0001,0.10087143482210809,0.07732369257056208,0.265846373242751,0.006260081875628596
total_rev_hi_lim,"(43100.0, 60300.0]",85490.0001,3082.0001,0.10166343208128384,0.06632664113614736,0.42707602826710195,0.015091496328553777
total_rev_hi_lim,"(60300.0, inf]",86164.0001,2232.0001,0.1024649428210503,0.048034089826455566,0.7576097552681189,0.04123734521626987
term, 36 months,591327.0001,29798.0001,0.7031972429449938,0.641272300164537,0.09218325367124106,0.005708442708907936
term, 60 months,249585.0001,16669.0001,0.2968027570550063,0.35872769983546304,-0.18949580388541737,0.011734516812741121
grade,A,145538.0001,2664.0001,0.17307161745682056,0.05733101039163909,1.1048638116735074,0.12787760828744207
grade,B,244818.0001,9717.0001,0.291133911629524,0.2091161459448361,0.33089351891088387,0.02713914710061472
grade,C,232858.0001,13002.0001,0.27691125814135387,0.2798114770510678,-0.010418993019459807,3.0217360575214718e-05
grade,D,128744.0001,10798.0001,0.15310044331966927,0.2323799672312399,-0.4172796234599602,0.03308172988590511
grade,E,64246.0001,6459.0001,0.0764003843999369,0.13900187235454603,-0.5984996756439559,0.037466970235662575
grade,F,20033.0001,3013.0001,0.023822944711603525,0.06484171680140313,-1.0012999942422167,0.041072096257339145
grade,G,4675.0001,814.0001,0.005559440341092044,0.017517810225268104,-1.147720645435314,0.013724868001820769
sub_grade,A1,22732.0001,181.0001,0.027032555137025113,0.0038952393390290383,1.937286760296513,0.044823615564257145
sub_grade,A2,22202.0001,283.0001,0.026402287049765015,0.006090345378091789,1.4667458446289023,0.02979245604327134
sub_grade,A3,23051.0001,406.0001,0.02741190517445147,0.008737385013432165,1.14336646709504,0.021351820141199743
sub_grade,A4,33741.0001,790.0001,0.040124293575980574,0.01700131363108017,0.8586913622248238,0.019855503147583806
sub_grade,A5,43812.0001,1004.0001,0.0521005764189927,0.02160673218362359,0.8801710711051306,0.02683979954275784
sub_grade,B1,43730.0001,1242.0001,0.052003063243227926,0.02672864627477001,0.665566740917284,0.016821811330281034
sub_grade,B2,47162.0001,1619.0001,0.056084346404504624,0.03484193036032547,0.47603518648158555,0.010112137482910248
sub_grade,B3,54026.0001,2297.0001,0.06424691272705801,0.049432929325860235,0.2621168840119717,0.0038829951689270323
sub_grade,B4,53244.0001,2382.0001,0.0633169700020818,0.05126218435841253,0.21120004838055964,0.002545971311160224
sub_grade,B5,46656.0001,2177.0001,0.055482618758931776,0.046850451632845236,0.16910914757463472,0.0014597784244142792
sub_grade,C1,50840.0001,2547.0001,0.06045816909307563,0.05481309118630816,0.09802265026128916,0.0005533454973527982
sub_grade,C2,49627.0001,2609.0001,0.05901568760279922,0.05614737132769924,0.04982343522609905,0.00014290937014040957
sub_grade,C3,47534.0001,2627.0001,0.056526723250656996,0.05653474298165149,-0.0001418649744283977,1.1377189324562507e-09
sub_grade,C4,46223.0001,2634.0001,0.05496770162349098,0.05668538751374403,-0.030770692183909105,5.2854383797620433e-05
sub_grade,C5,38634.0001,2585.0001,0.04594297612496859,0.05563087578909624,-0.19133738904033956,0.0018536574270189682
sub_grade,D1,33807.0001,2431.0001,0.04020277979062051,0.05231669608306032,-0.2633794146407547,0.003190556182109899
sub_grade,D2,27459.0001,2344.0001,0.03265383296434299,0.050444399755624446,-0.4349094904320593,0.007737286337693734
sub_grade,D3,24463.0001,2091.0001,0.029091034493717992,0.04499967595285115,-0.4362252549889733,0.006939751177038513
sub_grade,D4,23403.0001,2155.0001,0.0278304983191978,0.04637699738912582,-0.5106711091799034,0.009471161251444189
sub_grade,D5,19612.0001,1777.0001,0.023322297717682662,0.038242192656128556,-0.49452953932695004,0.007378328770716141
sub_grade,E1,16847.0001,1421.0001,0.020034200998297443,0.03058084216685072,-0.4229328769158191,0.004460521291215054
sub_grade,E2,15475.0001,1529.0001,0.018402639081843003,0.03290507209056422,-0.5811327300841748,0.008427838487221015
sub_grade,E3,12848.0001,1286.0001,0.015278649902159472,0.027675554762208843,-0.594093101355927,0.0073649156555210945
sub_grade,E4,10551.0001,1173.0001,0.012547091795675622,0.025243721601286385,-0.6990885660528203,0.008876068724507927
sub_grade,E5,8525.0001,1050.0001,0.010137802843243634,0.022596681965946008,-0.8015317872754603,0.009986187650668553
sub_grade,F1,6425.0001,793.0001,0.007640514195609293,0.017065875573405546,-0.8036159851783452,0.007574371069279661
sub_grade,F2,4749.0001,643.0001,0.005647440017783027,0.013837778457136794,-0.8962000729201395,0.007340181906589467
sub_grade,F3,3792.0001,641.0001,0.004509389905503948,0.01379473716225321,-1.1181252859484012,0.010382181556582973
sub_grade,F4,2904.0001,505.0001,0.003453393563075712,0.010867929110169542,-1.1464587796829175,0.008500459375236805
sub_grade,F5,2163.0001,431.0001,0.00257220742598188,0.009275401199476958,-1.2826014127048628,0.008597525803519229
sub_grade,G1,1574.0001,297.0001,0.0018717774195739615,0.0063916344422768724,-1.2281015457609548,0.005550843396199952
sub_grade,G2,1192.0001,206.0001,0.0014175087227185717,0.00443325552507383,-1.1402332854761708,0.003438654884613793
sub_grade,G3,835.0001,146.0001,0.0009929696526207335,0.0031420166785663295,-1.1519200247960046,0.0024755303034150306
sub_grade,G4,585.0001,78.0001,0.0006956733850452167,0.0016786126525244953,-0.8808426533357623,0.0008658148324343584
sub_grade,G5,489.0001,87.0001,0.0005815116182962181,0.0018722984795006203,-1.1692911368731052,0.0015093056363985624
emp_length,1 year,54036.0001,3059.0001,0.06425880475351693,0.06583166593500768,-0.024182214431222926,3.80352663613559e-05
emp_length,10+ years,278061.0001,13508.0001,0.33066599085659476,0.2907009221847526,0.1288137949842462,0.005148052162426
emp_length,2 years,74751.0001,4119.0001,0.08889277355220128,0.08864355335243802,0.002807542183739454,6.996962238753145e-07
emp_length,3 years,66388.0001,3638.0001,0.07894761878206384,0.07829212142056634,0.008337601651119653,5.4652758835261615e-06
emp_length,4 years,49688.0001,2841.0001,0.05908822805370137,0.06114016456047956,-0.034137290331452165,7.004755227359293e-05
emp_length,5 years,52424.0001,3280.0001,0.06234183841494686,0.07058772925505684,-0.12422355876922614,0.0010243339053810257
emp_length,6 years,40192.0001,2758.0001,0.047795726595226525,0.059353950734397753,-0.21658245182556518,0.0025033085228111374
emp_length,7 years,41921.0001,2673.0001,0.049851827587402496,0.05752469561130192,-0.14315918702248517,0.0010984415484322637
emp_length,8 years,41728.0001,2227.0001,0.04962231486820645,0.04792648637717557,0.034772325991884574,5.8967901116451436e-05
emp_length,9 years,32831.0001,1826.0001,0.039042135268790835,0.039296706325864655,-0.006499252426695612,1.6545215604534913e-06
emp_length,< 1 year,66663.0001,3942.0001,0.07927464467729137,0.08483439856669729,-0.06778276576099589,0.0003768554955743876
emp_length,Unknown,42229.0001,2596.0001,0.050218096590057326,0.05586760567626217,-0.10660925570766028,0.0006022899587939625
home_ownership,ANY,3.0001,0.0001,3.567674141716845e-06,2.1520648784892732e-09,7.4132413716931165,2.6432075771703264e-05
home_ownership,MORTGAGE,423181.0001,20376.0001,0.5032405290899116,0.4385047417930392,0.13769761942843595,0.008913963802604907
home_ownership,NONE,43.0001,7.0001,5.113507711784224e-05,0.0001506466935591276,-1.0804666151242714,0.0001075189793818604
home_ownership,OTHER,155.0001,27.0001,0.00018432380545099335,0.0005810596692569823,-1.1481594293498112,0.00045551602299008867
home_ownership,OWN,83335.0001,4135.0001,0.09910073829430376,0.08898788487759633,0.10763665580569816,0.0010885137224276155
home_ownership,RENT,334195.0001,21922.0001,0.3974197060590742,0.47177566481448335,-0.17151066983666083,0.012752840292487353
verification_status,Not Verified,254264.0001,12486.0001,0.30236695398482827,0.2687068246150591,0.11802044524254299,0.003972583455141752
verification_status,Source Verified,315356.0001,14202.0001,0.3750166485761828,0.30563625816835865,0.20457472509470812,0.014193474294644143
verification_status,Verified,271292.0001,19779.0001,0.32261639743898896,0.4256569172165822,-0.27716966973686735,0.028559706836270675
purpose,car,8405.0001,458.0001,0.009995100659768039,0.009856459125851837,0.013968049821828154,1.9365518531161773e-06
purpose,credit_card,198123.0001,8059.0001,0.2356049143907486,0.1734349077235701,0.30635395323345,0.019046027315040077
purpose,debt_consolidation,495826.0001,28389.0001,0.5896288782589851,0.610949689987958,-0.0355212962524712,0.0007573428697680062
purpose,educational,367.0001,56.0001,0.00043643104080926025,0.0012051584632702384,-1.0157359613775387,0.000780824087490679
purpose,home_improvement,49513.0001,2316.0001,0.058880120651825456,0.04984182387977376,0.16664905502426633,0.0015062236160912916
purpose,house,3414.0001,293.0001,0.004059877959068455,0.006305552137478793,-0.4402776231321929,0.0009887200895998438
purpose,major_purchase,16389.0001,888.0001,0.019489554284770144,0.019110337944036136,0.0196492020969094,7.451298517532993e-06
purpose,medical,7956.0001,584.0001,0.009461156561869,0.01256806082606398,-0.28396410698189123,0.0008822492948603576
purpose,moving,4978.0001,436.0001,0.00591976341366556,0.009383004860735431,-0.4606035751546752,0.0015951813921442335
purpose,other,39893.0001,3001.0001,0.04744016024695068,0.0645834680436255,-0.3084893328293695,0.005288527584684744
purpose,renewable_energy,521.0001,54.0001,0.0006195655420931184,0.0011621171664414744,-0.6289802701862788,0.00034125426727263337
purpose,small_business,8987.0001,1390.0001,0.01068720637241223,0.029913703448055943,-1.029269324745419,0.019789243662267576
purpose,vacation,4458.0001,278.0001,0.0053013871755642206,0.005982742411263062,-0.1209105424892002,8.238303117620378e-05
purpose,wedding,2082.0001,265.0001,0.0024758834414704083,0.005702973981876094,-0.834390511602784,0.002692653726997605
addr_state,AK,2107.0001,98.0001,0.0025056130572775437,0.0021090255287401776,0.17230743194943404,6.833497858544644e-05
addr_state,AL,10529.0001,671.0001,0.012520929700305453,0.014440356088281665,-0.14262517288601415,0.0002737585204270849
addr_state,AR,6295.0001,345.0001,0.007485920122226592,0.007424625263830487,0.008221725240296447,5.039494843756531e-07
addr_state,AZ,19324.0001,1088.0001,0.022979812373712064,0.023414465762502955,-0.018737918715823386,8.144499868720913e-06
addr_state,CA,121974.0001,7543.0001,0.1450496596079575,0.16233024021597645,-0.11255661627937379,0.0019450436805815777
addr_state,CO,17998.0001,809.0001,0.021402952973491807,0.017410205332987993,0.20647235424480412,0.0008243920052402094
addr_state,CT,12909.0001,622.0001,0.015351190162239247,0.01338584439994391,0.13699524550498762,0.0002692430252078367
addr_state,DC,2343.0001,89.0001,0.0027862607333348443,0.0019153397084332433,0.37480545762372053,0.00032642595329236424
addr_state,DE,2385.0001,126.0001,0.0028362065061924993,0.002711603636361751,0.044927214411820945,5.598059849214247e-06
addr_state,FL,57316.0001,3619.0001,0.06815933147866532,0.07788322256215306,-0.13336248385186208,0.0012968022675988997
addr_state,GA,27689.0001,1396.0001,0.032927345467861725,0.030042824946340266,0.09167961981086085,0.00026445174474971347
addr_state,HI,4286.0001,284.0001,0.0050968473205354175,0.006111865815083487,-0.18160992114590432,0.00018433742875650943
addr_state,IA,13.0001,1.0001,1.5459524803019132e-05,2.1522798765440562e-05,-0.33088747549807423,2.0062614146788323e-06
addr_state,ID,11.0001,1.0001,1.3081154666940312e-05,2.1522798765440562e-05,-0.49794016157157833,4.203433626336975e-06
addr_state,IL,33906.0001,1570.0001,0.040320509035862734,0.03378741747227433,0.17677177953322526,0.001154866221549023
addr_state,IN,13144.0001,645.0001,0.01563064865322851,0.013880819274061632,0.11872566525323362,0.0002077496571212404
addr_state,KS,7565.0001,361.0001,0.008996185158636642,0.007768955611042815,0.1466648738626898,0.00017999146679841462
addr_state,KY,8099.0001,451.0001,0.009631209984969687,0.009705813814112159,-0.007716202873334953,5.756582807909259e-07
addr_state,LA,10003.0001,584.0001,0.011895418354516723,0.012568059825314632,-0.05500534731629181,3.699887772058035e-05
addr_state,MA,19547.0001,1046.0001,0.023245000643884853,0.022510598601070596,0.03210383560435414,2.357712245001078e-05
addr_state,MD,19908.0001,1123.0001,0.02367429645344708,0.024167688397029922,-0.02062662902146732,1.0177012582464038e-05
addr_state,ME,525.0001,0.0001,0.000624322279639197,2.1520646700770486e-09,12.577994294806594,0.007852695002765324
addr_state,MI,21803.0001,1182.0001,0.02592780215738176,0.02543740655237538,0.0190950457687799,9.364126522405324e-06
addr_state,MN,15134.0001,823.0001,0.017997126938626935,0.01771149438679878,0.01599830144097574,4.5696356655019826e-06
addr_state,MO,13410.0001,797.0001,0.01594697188132699,0.017151957572578747,-0.07284335076526034,8.777519537497136e-05
addr_state,MS,3729.0001,90.0001,0.004434471237637467,0.0019368603551340137,0.8283400953175184,0.0020688712364789817
addr_state,MT,2457.0001,101.0001,0.002921827831091337,0.002173587468842489,0.29583037604405554,0.00022135222773541702
addr_state,NC,23381.0001,1339.0001,0.02780433619474795,0.028816148084396347,-0.03574394062313745,3.616614410537684e-05
addr_state,ND,479.0001,0.0001,0.0005696197665093841,2.1520646700770486e-09,12.486296647917959,0.007112414509836058
addr_state,NE,1172.0001,4.0001,0.0013937250186606951,8.608473886775201e-05,2.784403164416406,0.0036409977329738253
addr_state,NH,4134.0001,160.0001,0.004916091190193427,0.0034433056241879477,0.3560817939603441,0.0005244321264621319
addr_state,NJ,31366.0001,1890.0001,0.037299978963042636,0.04067402441652088,-0.08659690531858837,0.0002921818946754693
addr_state,NM,4662.0001,277.0001,0.005543980906118236,0.005961221288178093,-0.07256255638976412,3.0276028751305162e-05
addr_state,NV,11613.0001,830.0001,0.013810006314060172,0.01786213891370417,-0.25728990365315124,0.0010425728061521978
addr_state,NY,69856.0001,4230.0001,0.08307171223187952,0.09103233769632382,-0.09151056513718296,0.0007284813350967476
addr_state,OH,28119.0001,1512.0001,0.033438695047118674,0.03253921996362964,0.027267633856483117,2.4526557239608506e-05
addr_state,OK,7656.0001,429.0001,0.00910440099982823,0.009232359586695207,-0.01395673607116595,1.7858842249417711e-06
addr_state,OR,10341.0001,552.0001,0.012297362907514044,0.011879399130889976,0.03457910718133633,1.4452814229799747e-05
addr_state,PA,29797.0001,1596.0001,0.0354341475912888,0.03434695428649436,0.03116262873714141,3.387980132281495e-05
addr_state,RI,3697.0001,196.0001,0.004396417315460205,0.004218048905415685,0.04141728631373713,7.38753550813995e-06
addr_state,SC,10175.0001,464.0001,0.0120999581862195,0.009985582221222174,0.19205972215794767,0.0004060864603748291
addr_state,SD,1724.0001,91.0001,0.0020501551762184492,0.0019583810018347844,0.04579737357354735,4.203016148652578e-06
addr_state,TN,12302.0001,585.0001,0.014629354825939326,0.012589580472015402,0.1501605894876761,0.00030629371940706014
addr_state,TX,67992.0001,3146.0001,0.08085507126505406,0.06770395667268862,0.1775136860072209,0.0023345028263941393
addr_state,UT,5907.0001,357.0001,0.007024516315827301,0.007682873024239732,-0.08958720789272656,5.898033930411568e-05
addr_state,VA,24788.0001,1467.0001,0.029477519585479398,0.03157079086209497,-0.06860442843048145,0.00014360767948215576
addr_state,VT,1726.0001,71.0001,0.002052533546354528,0.0015279680678193745,0.295136113852387,0.00015481821679598297
addr_state,WA,18426.0001,1008.0001,0.021911924182612674,0.02169281402644132,0.010049917020948646,2.2020388879692183e-06
addr_state,WI,11024.0001,550.0001,0.01310957630898496,0.011836357837488437,0.1021670120424911,0.00013008092691010745
addr_state,WV,4221.0001,165.0001,0.005019550291112856,0.0035509088576918,0.34613675927517973,0.0005083507863016189
addr_state,WY,1945.0001,83.0001,0.002312965076255159,0.0017862158282286203,0.2584309646138936,0.00013612831627714148
initial_list_status,f,423247.0001,33601.0001,0.503319015544238,0.72311532819801,-0.3623445280537545,0.07964199117648652
initial_list_status,w,417665.0001,12866.0001,0.4966809844557621,0.27688467180198995,0.5843468654136547,0.12843728632871135
